{
    "loss": 11.554356575012207,
    "accuracy": 0.5035971403121948
}