{
    "loss": 27.369171142578125,
    "accuracy": 0.48201438784599304
}